id,text,annotator_a,annotator_b
L3-0030,"Digboi depot, tank entry permit shared with another crew, no dedicated standby person, weather turned rainy reducing visibility, rescue access blocked by flooding, isolation integrity compromised.",psif,near_miss
L3-0530,"Drilling anchor bolts near hydrant, hammer strike hit hidden hydraulic line, spray hit face shield but no injury.",near_miss,psif
L3-0196,"Moran site saw unauthorized entry into degasser manhole by third-party vendor, sensor indicated high H2S, vendor reversed before crossing threshold. Gas level was critical.",near_miss,psif
L3-0248,High-pressure water pipe burst during flushing due to unisolated source. Jet impact caused deep cut on thigh of contractor. Surgical stitching performed at nearby hospital.,recordable,asif
L3-0417,"Blind tightened against active line due to PTW error. High velocity water jet cut through glove, deep gash on forearm, sutures at district hospital.",recordable,asif
L3-0503,"Spring loaded valve released unexpectedly while mechanic was replacing gasket. Hand grazed by moving stem, no PPE cut. Confirmed energy was not bled off.",near_miss,recordable
L3-0459,"Overhead crossing lifted too high near power line, arc flash risk imminent, load stopped just before contact, worker on ground platform exposed, no electric shock recorded.",psif,near_miss
L3-0361,"Welding on 6"" line without proper PTW, flash fire engulfed operator, gas cloud dispersed before explosion. Operator escaped with minor burns but high energy release noted.",psif,recordable
L3-0062,"While bolting flange on high-pressure hydrocarbon line, sudden release of H2S gas occurred due to incorrect blind plug alignment. Wind from NE pushed gas towards two employees standing close. Tox release potential high, no face shields or SCBA worn by nearby personnel.",psif,near_miss
L3-0381,"Contractor broke isolation on accumulator without verifying zero energy, H2S jet hit face shield but no laceration due to PPE. SIF activated but physical barrier absent initially.",psif,near_miss
L3-0269,"hot work job at Lumding Terminal: unexpected sparks near open hydrocarbon line noticed by the crew; immediate stand-down, no injuries reported.",near_miss,
L3-0306,Missing permit for scaffolding erection at height. Slight twist of ankle on uneven ground. X-ray clear but treated with ice and compression.,recordable,
L3-0145,"Suspended load of valve body dropped 2m due to shackle pin withdrawal. Hit worker's shin, deep laceration. Splice not inspected, LOTO not applied on hoist. First aid applied, no X-ray needed.",recordable,
L3-0052,Contractor found snoring in control room during day shift. H2S alarm was testing fine but operator was unresponsive for 2 mins. No gas release detected during this period.,near_miss,
L3-0427,"Tank cleaning operation, static discharge generated during entry. Residual vapour explosion potential isolated but minor shock injury to hand. Medical treatment provided for nerve damage. Contractor from Lumding Terminal storage area.",recordable,
L3-0100,"Roof access ladder detached at Digboi, worker on platform lost footing. Grabbed adjacent structure. No safety net below. TBT was not enforced for this task.",near_miss,
L3-0152,Contractor truck reversing near Digboi metering station without spotter. Vehicle struck the rear of a parked service van and crushed the attendant. Fatal head and chest injuries confirmed on scene.,asif,
L3-0117,"Runner crane at Rangia failed to brake smoothly, load swung into pipe rack and struck a worker leaning on the rail, causing a dislocated shoulder and minor head contusion.",recordable,
L3-0185,"Scaffold leg sank into soft soil at Lumding Terminal at night. 5m platform tilted sharply, two men scrambled to roof edge. One fell 2m to catch pipe, massive impact. X-ray negative, muscle strain only. Critical near miss.",psif,
L3-0092,"Ladder rung gave way on Digboi flare stack, worker caught himself on rail. Near fall from 4m height. LOTO was active but safety harness was not hooked off.",near_miss,
L3-0363,Grinding near open hydrocarbon spill. Flame jet reached 3 meters towards onlookers. No LOTO on adjacent line. Incident stopped when valve manually closed. No injury but high risk of fireball.,psif,near_miss
L3-0065,"During commissioning of new pipeline spool, pressure test failed at flange joint. High pressure jet cut through PPE and struck contractor's leg. Intense pain reported, immediate need for hospitalisation. Significant blood loss potential. Safety watchman absent from isolation point.",psif,asif
L3-0024,"During night shift at Moran, confined space entry permit expired 15 mins before entry, continuous monitoring not running, toxic atmosphere potential undetected, safeguard failure.",psif,near_miss
L3-0028,"Jorhat Bypass Road pump station, sump entry carried out without proper PPE, worker wore regular shoes in oily environment, slip and fall onto submerged obstacles likely to cause severe laceration or fracture.",psif,near_miss
L3-0284,"Crane luffing up at Duliajan site, counterweight bracket loosened. During lift of 8ft pipe, bracket detached and fell onto mud mat. Operator aware of shifting load, stopped operation. If bracket had hit head or torso, fatal. No one hurt but safeguard failure evident.",psif,near_miss
L3-0386,"Pipeline pig trap opened with residual hydraulic pressure. Hydraulic fluid jet at high pressure, worker stood directly in line. No injection injury as skin intact, but potential for amputation if plate severed.",psif,near_miss
L3-0447,"Rangia site witnessed a sudden gust during lifting operation causing load to drift. Worker standing below slipped and fell, resulting in dislocated shoulder and multiple cuts on forearms.",recordable,asif
L3-0226,"Guwahati Depot loader reported fatigue and disorientation during shift, urine sample positive for narcotics, required medical supervision and removal from duty.",recordable,near_miss
L3-0027,"Rangia tank farm, contractor team entered storage tank for cleaning, no atmospheric test within 30 mins prior to entry, oxygen levels could have dropped below safe limit unnoticed.",psif,near_miss
L3-0514,"Shore crane operator observed disoriented and slurring words during load lift over open tank. Suspended load swung towards bund wall, potential crush hazard if operator lost grip and control entirely.",psif,near_miss
L3-0296,"Contractor used defective step ladder, rung broke, 1.5 meter drop to ground, broken ankle suspected but no first aid required, left site immediately.",near_miss,recordable
L3-0352,"Expired H2S PTW used for blowdown line replacement. Sudden release caught worker in face, chemical burn to eyes and hands. Evacuated to hospital.",recordable,asif
L3-0289,"Digboi station, temporary derrick used for lifting condenser. Rope slipped on winch drum, 1.5 ton load dropped 4m. Dust cloud obscured view. Two mechanics ran back 5m. If they had been standing under load, fatal. No immediate injury but near miss with high energy release.",psif,near_miss
L3-0061,"During planned isolation of 6"" process line, blind flange failed to seat due to worn gasket, causing high pressure steam jet towards open area. PTW incomplete for energy source verification. Contractor team standing within 3m radius had seconds to evacuate, near fatal exposure potential.",psif,near_miss
L3-0286,"Guwahati Depot shift change overlap, crane hook left suspended with 100kg valve assembly. Wind picked up, load rotated and struck adjacent tanker truck roof. Truck driver heard bang, checked roof. If worker had walked under, fatal crush injury possible. No injuries reported.",psif,near_miss
L3-0392,"Employee grinding flange on inactive tank d-101 at Digboi, secondary containment breach released flammable vapors, no hot work permit valid, explosion potential high but no ignition source present, near miss recorded after supervisor intervened.",asif,near_miss
L3-0398,"Grinding operation on structural steel near high pressure header at Jorhat Bypass Road compressor station, gas ball valve failed while open, uncontrolled release created flammable cloud, workers evacuated before ignition, no injuries, near miss with high consequence potential.",asif,near_miss
L3-0107,"Valid PTW but missing isolation verification at Rangia, high pressure line isolated but blind flange not installed, valve leak detected during re-entry.",near_miss,psif
