id,text,tier,site,activity,occurred_at,source_layer,is_synthetic
L2-0001,"Safety Alert: During repair of a pipeline at the gas plant, maintenance crew opened a flange without confirming zero energy status. Residual pressure blew the gasket; a fitter was standing directly in front of the flange gap. No injury occurred but the event had fatality potential. Ensure isolation and bleeding of lines before line break.",,Digboi,line_break,,l2_domain,1
L2-0002,Safety Alert: Contractor assigned for internal inspection of crude storage tank entered without standby man and without continuous gas monitoring. H2S reading later found elevated. Worker came out on own. Confined space entry procedure not followed.,,Duliajan,confined_space,,l2_domain,1
L2-0003,Near Miss Report: A scaffold plank failed under a workman at height of 9 m at compressor station. Plank had hairline crack and was not tagged. Fall arrest harness was worn with lanyard not attached to anchor point. Serious injury potential.,,Digboi,height,,l2_domain,1
L2-0004,"Safety Bulletin: Vehicle incident on lease road during fog. Driver did not sound horn at blind curve and collided with tempo carrying passengers. Injuries to two persons, both hospitalized and treated. Defensive driving and speed control on internal roads to be reinforced.",,Jorhat Bypass Road,line_break,,l2_domain,1
L2-0005,Alert: Crane lift of exchanger shell at turnaround site — the tag line was not used and the load swung in wind. Rigger moved to guide the load with hands while it was airborne. Dropped object and struck-by potential. Stop-work issued.,,Moran,lifting,,l2_domain,1
L2-0006,"Safety Communication: A welder performing hot work on a vessel that previously contained condensate. Fire watch was posted but gas test was done 4 hours before the work and permit conditions were not revalidated. Flash occurred at the nozzle, no injuries.",,Rangia,hot_work,,l2_domain,1
L2-0007,Incident: Employee reported dizziness while working on a drum at height. He was using a full body harness connected to a lifeline. Rescue plan was executed and he was brought down. Medical check normal. Heat stress suspected.,,Jorhat Bypass Road,height,,l2_domain,1
L2-0008,Alert: LOTO not applied on a pump whose seal was being replaced. Pump was remotely started from control room; rotating shaft caught the mechanic's sleeve. Minor injury; could have been amputation or fatality.,,Rangia,energy_isolation,,l2_domain,1
L2-0009,Safety Message: Night driving on lease road — vehicle hit a stray cattle. Airbag deployed; driver sustained bruised chest and was taken to hospital for observation. Route risk assessment and speed limits to be enforced.,,Duliajan,driving,,l2_domain,1
L2-0010,"Bulletin: Hot tapping on a live tank without proper energy isolation and without a pre-job safety meeting. Sparks landed on oily rags nearby causing small fire, extinguished by crew. Potential for major loss of containment.",,Naharkatiya,energy_isolation,,l2_domain,1
L2-0011,"Safety Alert: During repair of a pipeline at the gas plant, maintenance crew opened a flange without confirming zero energy status. Residual pressure blew the gasket; a fitter was standing directly in front of the flange gap. No injury occurred but the event had fatality potential. Ensure isolation and bleeding of lines before line break. [variant 1]",,Moran,line_break,,l2_domain,1
L2-0012,Safety Alert: Contractor assigned for internal inspection of crude storage tank entered without standby man and without continuous gas monitoring. H2S reading later found elevated. Worker came out on own. Confined space entry procedure not followed. [variant 1],,Jorhat Bypass Road,confined_space,,l2_domain,1
L2-0013,Near Miss Report: A scaffold plank failed under a workman at height of 9 m at compressor station. Plank had hairline crack and was not tagged. Fall arrest harness was worn with lanyard not attached to anchor point. Serious injury potential. [variant 1],,Jorhat Bypass Road,height,,l2_domain,1
L2-0014,"Safety Bulletin: Vehicle incident on lease road during fog. Driver did not sound horn at blind curve and collided with tempo carrying passengers. Injuries to two persons, both hospitalized and treated. Defensive driving and speed control on internal roads to be reinforced. [variant 1]",,Lumding Terminal,line_break,,l2_domain,1
L2-0015,Alert: Crane lift of exchanger shell at turnaround site — the tag line was not used and the load swung in wind. Rigger moved to guide the load with hands while it was airborne. Dropped object and struck-by potential. Stop-work issued. [variant 1],,Moran,lifting,,l2_domain,1
L2-0016,"Safety Communication: A welder performing hot work on a vessel that previously contained condensate. Fire watch was posted but gas test was done 4 hours before the work and permit conditions were not revalidated. Flash occurred at the nozzle, no injuries. [variant 1]",,Digboi,hot_work,,l2_domain,1
L2-0017,Incident: Employee reported dizziness while working on a drum at height. He was using a full body harness connected to a lifeline. Rescue plan was executed and he was brought down. Medical check normal. Heat stress suspected. [variant 1],,Jorhat Bypass Road,height,,l2_domain,1
L2-0018,Alert: LOTO not applied on a pump whose seal was being replaced. Pump was remotely started from control room; rotating shaft caught the mechanic's sleeve. Minor injury; could have been amputation or fatality. [variant 1],,Digboi,energy_isolation,,l2_domain,1
L2-0019,Safety Message: Night driving on lease road — vehicle hit a stray cattle. Airbag deployed; driver sustained bruised chest and was taken to hospital for observation. Route risk assessment and speed limits to be enforced. [variant 1],,Guwahati Depot,driving,,l2_domain,1
L2-0020,"Bulletin: Hot tapping on a live tank without proper energy isolation and without a pre-job safety meeting. Sparks landed on oily rags nearby causing small fire, extinguished by crew. Potential for major loss of containment. [variant 1]",,Moran,energy_isolation,,l2_domain,1
L2-0021,"Safety Alert: During repair of a pipeline at the gas plant, maintenance crew opened a flange without confirming zero energy status. Residual pressure blew the gasket; a fitter was standing directly in front of the flange gap. No injury occurred but the event had fatality potential. Ensure isolation and bleeding of lines before line break. [variant 2]",,Duliajan,line_break,,l2_domain,1
L2-0022,Safety Alert: Contractor assigned for internal inspection of crude storage tank entered without standby man and without continuous gas monitoring. H2S reading later found elevated. Worker came out on own. Confined space entry procedure not followed. [variant 2],,Lumding Terminal,confined_space,,l2_domain,1
L2-0023,Near Miss Report: A scaffold plank failed under a workman at height of 9 m at compressor station. Plank had hairline crack and was not tagged. Fall arrest harness was worn with lanyard not attached to anchor point. Serious injury potential. [variant 2],,Moran,height,,l2_domain,1
L2-0024,"Safety Bulletin: Vehicle incident on lease road during fog. Driver did not sound horn at blind curve and collided with tempo carrying passengers. Injuries to two persons, both hospitalized and treated. Defensive driving and speed control on internal roads to be reinforced. [variant 2]",,Naharkatiya,line_break,,l2_domain,1
L2-0025,Alert: Crane lift of exchanger shell at turnaround site — the tag line was not used and the load swung in wind. Rigger moved to guide the load with hands while it was airborne. Dropped object and struck-by potential. Stop-work issued. [variant 2],,Digboi,lifting,,l2_domain,1
L2-0026,"Safety Communication: A welder performing hot work on a vessel that previously contained condensate. Fire watch was posted but gas test was done 4 hours before the work and permit conditions were not revalidated. Flash occurred at the nozzle, no injuries. [variant 2]",,Moran,hot_work,,l2_domain,1
L2-0027,Incident: Employee reported dizziness while working on a drum at height. He was using a full body harness connected to a lifeline. Rescue plan was executed and he was brought down. Medical check normal. Heat stress suspected. [variant 2],,Digboi,height,,l2_domain,1
L2-0028,Alert: LOTO not applied on a pump whose seal was being replaced. Pump was remotely started from control room; rotating shaft caught the mechanic's sleeve. Minor injury; could have been amputation or fatality. [variant 2],,Duliajan,energy_isolation,,l2_domain,1
L2-0029,Safety Message: Night driving on lease road — vehicle hit a stray cattle. Airbag deployed; driver sustained bruised chest and was taken to hospital for observation. Route risk assessment and speed limits to be enforced. [variant 2],,Jorhat Bypass Road,driving,,l2_domain,1
L2-0030,"Bulletin: Hot tapping on a live tank without proper energy isolation and without a pre-job safety meeting. Sparks landed on oily rags nearby causing small fire, extinguished by crew. Potential for major loss of containment. [variant 2]",,Naharkatiya,energy_isolation,,l2_domain,1
L2-0031,"Safety Alert: During repair of a pipeline at the gas plant, maintenance crew opened a flange without confirming zero energy status. Residual pressure blew the gasket; a fitter was standing directly in front of the flange gap. No injury occurred but the event had fatality potential. Ensure isolation and bleeding of lines before line break. [variant 3]",,Moran,line_break,,l2_domain,1
L2-0032,Safety Alert: Contractor assigned for internal inspection of crude storage tank entered without standby man and without continuous gas monitoring. H2S reading later found elevated. Worker came out on own. Confined space entry procedure not followed. [variant 3],,Guwahati Depot,confined_space,,l2_domain,1
L2-0033,Near Miss Report: A scaffold plank failed under a workman at height of 9 m at compressor station. Plank had hairline crack and was not tagged. Fall arrest harness was worn with lanyard not attached to anchor point. Serious injury potential. [variant 3],,Moran,height,,l2_domain,1
L2-0034,"Safety Bulletin: Vehicle incident on lease road during fog. Driver did not sound horn at blind curve and collided with tempo carrying passengers. Injuries to two persons, both hospitalized and treated. Defensive driving and speed control on internal roads to be reinforced. [variant 3]",,Duliajan,line_break,,l2_domain,1
L2-0035,Alert: Crane lift of exchanger shell at turnaround site — the tag line was not used and the load swung in wind. Rigger moved to guide the load with hands while it was airborne. Dropped object and struck-by potential. Stop-work issued. [variant 3],,Naharkatiya,lifting,,l2_domain,1
L2-0036,"Safety Communication: A welder performing hot work on a vessel that previously contained condensate. Fire watch was posted but gas test was done 4 hours before the work and permit conditions were not revalidated. Flash occurred at the nozzle, no injuries. [variant 3]",,Jorhat Bypass Road,hot_work,,l2_domain,1
L2-0037,Incident: Employee reported dizziness while working on a drum at height. He was using a full body harness connected to a lifeline. Rescue plan was executed and he was brought down. Medical check normal. Heat stress suspected. [variant 3],,Moran,height,,l2_domain,1
L2-0038,Alert: LOTO not applied on a pump whose seal was being replaced. Pump was remotely started from control room; rotating shaft caught the mechanic's sleeve. Minor injury; could have been amputation or fatality. [variant 3],,Moran,energy_isolation,,l2_domain,1
L2-0039,Safety Message: Night driving on lease road — vehicle hit a stray cattle. Airbag deployed; driver sustained bruised chest and was taken to hospital for observation. Route risk assessment and speed limits to be enforced. [variant 3],,Moran,driving,,l2_domain,1
L2-0040,"Bulletin: Hot tapping on a live tank without proper energy isolation and without a pre-job safety meeting. Sparks landed on oily rags nearby causing small fire, extinguished by crew. Potential for major loss of containment. [variant 3]",,Jorhat Bypass Road,energy_isolation,,l2_domain,1
L2-0041,"Safety Alert: During repair of a pipeline at the gas plant, maintenance crew opened a flange without confirming zero energy status. Residual pressure blew the gasket; a fitter was standing directly in front of the flange gap. No injury occurred but the event had fatality potential. Ensure isolation and bleeding of lines before line break. [variant 4]",,Guwahati Depot,line_break,,l2_domain,1
L2-0042,Safety Alert: Contractor assigned for internal inspection of crude storage tank entered without standby man and without continuous gas monitoring. H2S reading later found elevated. Worker came out on own. Confined space entry procedure not followed. [variant 4],,Lumding Terminal,confined_space,,l2_domain,1
L2-0043,Near Miss Report: A scaffold plank failed under a workman at height of 9 m at compressor station. Plank had hairline crack and was not tagged. Fall arrest harness was worn with lanyard not attached to anchor point. Serious injury potential. [variant 4],,Jorhat Bypass Road,height,,l2_domain,1
L2-0044,"Safety Bulletin: Vehicle incident on lease road during fog. Driver did not sound horn at blind curve and collided with tempo carrying passengers. Injuries to two persons, both hospitalized and treated. Defensive driving and speed control on internal roads to be reinforced. [variant 4]",,Duliajan,line_break,,l2_domain,1
L2-0045,Alert: Crane lift of exchanger shell at turnaround site — the tag line was not used and the load swung in wind. Rigger moved to guide the load with hands while it was airborne. Dropped object and struck-by potential. Stop-work issued. [variant 4],,Naharkatiya,lifting,,l2_domain,1
L2-0046,"Safety Communication: A welder performing hot work on a vessel that previously contained condensate. Fire watch was posted but gas test was done 4 hours before the work and permit conditions were not revalidated. Flash occurred at the nozzle, no injuries. [variant 4]",,Moran,hot_work,,l2_domain,1
L2-0047,Incident: Employee reported dizziness while working on a drum at height. He was using a full body harness connected to a lifeline. Rescue plan was executed and he was brought down. Medical check normal. Heat stress suspected. [variant 4],,Duliajan,height,,l2_domain,1
L2-0048,Alert: LOTO not applied on a pump whose seal was being replaced. Pump was remotely started from control room; rotating shaft caught the mechanic's sleeve. Minor injury; could have been amputation or fatality. [variant 4],,Naharkatiya,energy_isolation,,l2_domain,1
L2-0049,Safety Message: Night driving on lease road — vehicle hit a stray cattle. Airbag deployed; driver sustained bruised chest and was taken to hospital for observation. Route risk assessment and speed limits to be enforced. [variant 4],,Digboi,driving,,l2_domain,1
L2-0050,"Bulletin: Hot tapping on a live tank without proper energy isolation and without a pre-job safety meeting. Sparks landed on oily rags nearby causing small fire, extinguished by crew. Potential for major loss of containment. [variant 4]",,Naharkatiya,energy_isolation,,l2_domain,1
L2-0051,"Safety Alert: During repair of a pipeline at the gas plant, maintenance crew opened a flange without confirming zero energy status. Residual pressure blew the gasket; a fitter was standing directly in front of the flange gap. No injury occurred but the event had fatality potential. Ensure isolation and bleeding of lines before line break. [variant 5]",,Guwahati Depot,line_break,,l2_domain,1
L2-0052,Safety Alert: Contractor assigned for internal inspection of crude storage tank entered without standby man and without continuous gas monitoring. H2S reading later found elevated. Worker came out on own. Confined space entry procedure not followed. [variant 5],,Duliajan,confined_space,,l2_domain,1
L2-0053,Near Miss Report: A scaffold plank failed under a workman at height of 9 m at compressor station. Plank had hairline crack and was not tagged. Fall arrest harness was worn with lanyard not attached to anchor point. Serious injury potential. [variant 5],,Jorhat Bypass Road,height,,l2_domain,1
L2-0054,"Safety Bulletin: Vehicle incident on lease road during fog. Driver did not sound horn at blind curve and collided with tempo carrying passengers. Injuries to two persons, both hospitalized and treated. Defensive driving and speed control on internal roads to be reinforced. [variant 5]",,Duliajan,line_break,,l2_domain,1
L2-0055,Alert: Crane lift of exchanger shell at turnaround site — the tag line was not used and the load swung in wind. Rigger moved to guide the load with hands while it was airborne. Dropped object and struck-by potential. Stop-work issued. [variant 5],,Guwahati Depot,lifting,,l2_domain,1
L2-0056,"Safety Communication: A welder performing hot work on a vessel that previously contained condensate. Fire watch was posted but gas test was done 4 hours before the work and permit conditions were not revalidated. Flash occurred at the nozzle, no injuries. [variant 5]",,Jorhat Bypass Road,hot_work,,l2_domain,1
L2-0057,Incident: Employee reported dizziness while working on a drum at height. He was using a full body harness connected to a lifeline. Rescue plan was executed and he was brought down. Medical check normal. Heat stress suspected. [variant 5],,Guwahati Depot,height,,l2_domain,1
L2-0058,Alert: LOTO not applied on a pump whose seal was being replaced. Pump was remotely started from control room; rotating shaft caught the mechanic's sleeve. Minor injury; could have been amputation or fatality. [variant 5],,Digboi,energy_isolation,,l2_domain,1
L2-0059,Safety Message: Night driving on lease road — vehicle hit a stray cattle. Airbag deployed; driver sustained bruised chest and was taken to hospital for observation. Route risk assessment and speed limits to be enforced. [variant 5],,Moran,driving,,l2_domain,1
L2-0060,"Bulletin: Hot tapping on a live tank without proper energy isolation and without a pre-job safety meeting. Sparks landed on oily rags nearby causing small fire, extinguished by crew. Potential for major loss of containment. [variant 5]",,Moran,energy_isolation,,l2_domain,1
L2-0061,"Safety Alert: During repair of a pipeline at the gas plant, maintenance crew opened a flange without confirming zero energy status. Residual pressure blew the gasket; a fitter was standing directly in front of the flange gap. No injury occurred but the event had fatality potential. Ensure isolation and bleeding of lines before line break. [variant 6]",,Duliajan,line_break,,l2_domain,1
L2-0062,Safety Alert: Contractor assigned for internal inspection of crude storage tank entered without standby man and without continuous gas monitoring. H2S reading later found elevated. Worker came out on own. Confined space entry procedure not followed. [variant 6],,Guwahati Depot,confined_space,,l2_domain,1
L2-0063,Near Miss Report: A scaffold plank failed under a workman at height of 9 m at compressor station. Plank had hairline crack and was not tagged. Fall arrest harness was worn with lanyard not attached to anchor point. Serious injury potential. [variant 6],,Lumding Terminal,height,,l2_domain,1
L2-0064,"Safety Bulletin: Vehicle incident on lease road during fog. Driver did not sound horn at blind curve and collided with tempo carrying passengers. Injuries to two persons, both hospitalized and treated. Defensive driving and speed control on internal roads to be reinforced. [variant 6]",,Digboi,line_break,,l2_domain,1
L2-0065,Alert: Crane lift of exchanger shell at turnaround site — the tag line was not used and the load swung in wind. Rigger moved to guide the load with hands while it was airborne. Dropped object and struck-by potential. Stop-work issued. [variant 6],,Guwahati Depot,lifting,,l2_domain,1
L2-0066,"Safety Communication: A welder performing hot work on a vessel that previously contained condensate. Fire watch was posted but gas test was done 4 hours before the work and permit conditions were not revalidated. Flash occurred at the nozzle, no injuries. [variant 6]",,Duliajan,hot_work,,l2_domain,1
L2-0067,Incident: Employee reported dizziness while working on a drum at height. He was using a full body harness connected to a lifeline. Rescue plan was executed and he was brought down. Medical check normal. Heat stress suspected. [variant 6],,Moran,height,,l2_domain,1
L2-0068,Alert: LOTO not applied on a pump whose seal was being replaced. Pump was remotely started from control room; rotating shaft caught the mechanic's sleeve. Minor injury; could have been amputation or fatality. [variant 6],,Moran,energy_isolation,,l2_domain,1
L2-0069,Safety Message: Night driving on lease road — vehicle hit a stray cattle. Airbag deployed; driver sustained bruised chest and was taken to hospital for observation. Route risk assessment and speed limits to be enforced. [variant 6],,Jorhat Bypass Road,driving,,l2_domain,1
L2-0070,"Bulletin: Hot tapping on a live tank without proper energy isolation and without a pre-job safety meeting. Sparks landed on oily rags nearby causing small fire, extinguished by crew. Potential for major loss of containment. [variant 6]",,Naharkatiya,energy_isolation,,l2_domain,1
L2-0071,"Safety Alert: During repair of a pipeline at the gas plant, maintenance crew opened a flange without confirming zero energy status. Residual pressure blew the gasket; a fitter was standing directly in front of the flange gap. No injury occurred but the event had fatality potential. Ensure isolation and bleeding of lines before line break. [variant 7]",,Jorhat Bypass Road,line_break,,l2_domain,1
L2-0072,Safety Alert: Contractor assigned for internal inspection of crude storage tank entered without standby man and without continuous gas monitoring. H2S reading later found elevated. Worker came out on own. Confined space entry procedure not followed. [variant 7],,Naharkatiya,confined_space,,l2_domain,1
L2-0073,Near Miss Report: A scaffold plank failed under a workman at height of 9 m at compressor station. Plank had hairline crack and was not tagged. Fall arrest harness was worn with lanyard not attached to anchor point. Serious injury potential. [variant 7],,Naharkatiya,height,,l2_domain,1
L2-0074,"Safety Bulletin: Vehicle incident on lease road during fog. Driver did not sound horn at blind curve and collided with tempo carrying passengers. Injuries to two persons, both hospitalized and treated. Defensive driving and speed control on internal roads to be reinforced. [variant 7]",,Lumding Terminal,line_break,,l2_domain,1
L2-0075,Alert: Crane lift of exchanger shell at turnaround site — the tag line was not used and the load swung in wind. Rigger moved to guide the load with hands while it was airborne. Dropped object and struck-by potential. Stop-work issued. [variant 7],,Duliajan,lifting,,l2_domain,1
L2-0076,"Safety Communication: A welder performing hot work on a vessel that previously contained condensate. Fire watch was posted but gas test was done 4 hours before the work and permit conditions were not revalidated. Flash occurred at the nozzle, no injuries. [variant 7]",,Duliajan,hot_work,,l2_domain,1
L2-0077,Incident: Employee reported dizziness while working on a drum at height. He was using a full body harness connected to a lifeline. Rescue plan was executed and he was brought down. Medical check normal. Heat stress suspected. [variant 7],,Rangia,height,,l2_domain,1
L2-0078,Alert: LOTO not applied on a pump whose seal was being replaced. Pump was remotely started from control room; rotating shaft caught the mechanic's sleeve. Minor injury; could have been amputation or fatality. [variant 7],,Duliajan,energy_isolation,,l2_domain,1
L2-0079,Safety Message: Night driving on lease road — vehicle hit a stray cattle. Airbag deployed; driver sustained bruised chest and was taken to hospital for observation. Route risk assessment and speed limits to be enforced. [variant 7],,Digboi,driving,,l2_domain,1
L2-0080,"Bulletin: Hot tapping on a live tank without proper energy isolation and without a pre-job safety meeting. Sparks landed on oily rags nearby causing small fire, extinguished by crew. Potential for major loss of containment. [variant 7]",,Duliajan,energy_isolation,,l2_domain,1
L2-0081,"Safety Alert: During repair of a pipeline at the gas plant, maintenance crew opened a flange without confirming zero energy status. Residual pressure blew the gasket; a fitter was standing directly in front of the flange gap. No injury occurred but the event had fatality potential. Ensure isolation and bleeding of lines before line break. [variant 8]",,Naharkatiya,line_break,,l2_domain,1
L2-0082,Safety Alert: Contractor assigned for internal inspection of crude storage tank entered without standby man and without continuous gas monitoring. H2S reading later found elevated. Worker came out on own. Confined space entry procedure not followed. [variant 8],,Guwahati Depot,confined_space,,l2_domain,1
L2-0083,Near Miss Report: A scaffold plank failed under a workman at height of 9 m at compressor station. Plank had hairline crack and was not tagged. Fall arrest harness was worn with lanyard not attached to anchor point. Serious injury potential. [variant 8],,Digboi,height,,l2_domain,1
L2-0084,"Safety Bulletin: Vehicle incident on lease road during fog. Driver did not sound horn at blind curve and collided with tempo carrying passengers. Injuries to two persons, both hospitalized and treated. Defensive driving and speed control on internal roads to be reinforced. [variant 8]",,Digboi,line_break,,l2_domain,1
L2-0085,Alert: Crane lift of exchanger shell at turnaround site — the tag line was not used and the load swung in wind. Rigger moved to guide the load with hands while it was airborne. Dropped object and struck-by potential. Stop-work issued. [variant 8],,Guwahati Depot,lifting,,l2_domain,1
L2-0086,"Safety Communication: A welder performing hot work on a vessel that previously contained condensate. Fire watch was posted but gas test was done 4 hours before the work and permit conditions were not revalidated. Flash occurred at the nozzle, no injuries. [variant 8]",,Naharkatiya,hot_work,,l2_domain,1
L2-0087,Incident: Employee reported dizziness while working on a drum at height. He was using a full body harness connected to a lifeline. Rescue plan was executed and he was brought down. Medical check normal. Heat stress suspected. [variant 8],,Digboi,height,,l2_domain,1
L2-0088,Alert: LOTO not applied on a pump whose seal was being replaced. Pump was remotely started from control room; rotating shaft caught the mechanic's sleeve. Minor injury; could have been amputation or fatality. [variant 8],,Lumding Terminal,energy_isolation,,l2_domain,1
L2-0089,Safety Message: Night driving on lease road — vehicle hit a stray cattle. Airbag deployed; driver sustained bruised chest and was taken to hospital for observation. Route risk assessment and speed limits to be enforced. [variant 8],,Duliajan,driving,,l2_domain,1
L2-0090,"Bulletin: Hot tapping on a live tank without proper energy isolation and without a pre-job safety meeting. Sparks landed on oily rags nearby causing small fire, extinguished by crew. Potential for major loss of containment. [variant 8]",,Guwahati Depot,energy_isolation,,l2_domain,1
L2-0091,"Safety Alert: During repair of a pipeline at the gas plant, maintenance crew opened a flange without confirming zero energy status. Residual pressure blew the gasket; a fitter was standing directly in front of the flange gap. No injury occurred but the event had fatality potential. Ensure isolation and bleeding of lines before line break. [variant 9]",,Jorhat Bypass Road,line_break,,l2_domain,1
L2-0092,Safety Alert: Contractor assigned for internal inspection of crude storage tank entered without standby man and without continuous gas monitoring. H2S reading later found elevated. Worker came out on own. Confined space entry procedure not followed. [variant 9],,Rangia,confined_space,,l2_domain,1
L2-0093,Near Miss Report: A scaffold plank failed under a workman at height of 9 m at compressor station. Plank had hairline crack and was not tagged. Fall arrest harness was worn with lanyard not attached to anchor point. Serious injury potential. [variant 9],,Duliajan,height,,l2_domain,1
L2-0094,"Safety Bulletin: Vehicle incident on lease road during fog. Driver did not sound horn at blind curve and collided with tempo carrying passengers. Injuries to two persons, both hospitalized and treated. Defensive driving and speed control on internal roads to be reinforced. [variant 9]",,Jorhat Bypass Road,line_break,,l2_domain,1
L2-0095,Alert: Crane lift of exchanger shell at turnaround site — the tag line was not used and the load swung in wind. Rigger moved to guide the load with hands while it was airborne. Dropped object and struck-by potential. Stop-work issued. [variant 9],,Naharkatiya,lifting,,l2_domain,1
L2-0096,"Safety Communication: A welder performing hot work on a vessel that previously contained condensate. Fire watch was posted but gas test was done 4 hours before the work and permit conditions were not revalidated. Flash occurred at the nozzle, no injuries. [variant 9]",,Jorhat Bypass Road,hot_work,,l2_domain,1
L2-0097,Incident: Employee reported dizziness while working on a drum at height. He was using a full body harness connected to a lifeline. Rescue plan was executed and he was brought down. Medical check normal. Heat stress suspected. [variant 9],,Digboi,height,,l2_domain,1
L2-0098,Alert: LOTO not applied on a pump whose seal was being replaced. Pump was remotely started from control room; rotating shaft caught the mechanic's sleeve. Minor injury; could have been amputation or fatality. [variant 9],,Lumding Terminal,energy_isolation,,l2_domain,1
L2-0099,Safety Message: Night driving on lease road — vehicle hit a stray cattle. Airbag deployed; driver sustained bruised chest and was taken to hospital for observation. Route risk assessment and speed limits to be enforced. [variant 9],,Guwahati Depot,driving,,l2_domain,1
L2-0100,"Bulletin: Hot tapping on a live tank without proper energy isolation and without a pre-job safety meeting. Sparks landed on oily rags nearby causing small fire, extinguished by crew. Potential for major loss of containment. [variant 9]",,Jorhat Bypass Road,energy_isolation,,l2_domain,1
L2-0101,"Safety Alert: During repair of a pipeline at the gas plant, maintenance crew opened a flange without confirming zero energy status. Residual pressure blew the gasket; a fitter was standing directly in front of the flange gap. No injury occurred but the event had fatality potential. Ensure isolation and bleeding of lines before line break. [variant 10]",,Digboi,line_break,,l2_domain,1
L2-0102,Safety Alert: Contractor assigned for internal inspection of crude storage tank entered without standby man and without continuous gas monitoring. H2S reading later found elevated. Worker came out on own. Confined space entry procedure not followed. [variant 10],,Digboi,confined_space,,l2_domain,1
L2-0103,Near Miss Report: A scaffold plank failed under a workman at height of 9 m at compressor station. Plank had hairline crack and was not tagged. Fall arrest harness was worn with lanyard not attached to anchor point. Serious injury potential. [variant 10],,Digboi,height,,l2_domain,1
L2-0104,"Safety Bulletin: Vehicle incident on lease road during fog. Driver did not sound horn at blind curve and collided with tempo carrying passengers. Injuries to two persons, both hospitalized and treated. Defensive driving and speed control on internal roads to be reinforced. [variant 10]",,Naharkatiya,line_break,,l2_domain,1
L2-0105,Alert: Crane lift of exchanger shell at turnaround site — the tag line was not used and the load swung in wind. Rigger moved to guide the load with hands while it was airborne. Dropped object and struck-by potential. Stop-work issued. [variant 10],,Moran,lifting,,l2_domain,1
L2-0106,"Safety Communication: A welder performing hot work on a vessel that previously contained condensate. Fire watch was posted but gas test was done 4 hours before the work and permit conditions were not revalidated. Flash occurred at the nozzle, no injuries. [variant 10]",,Naharkatiya,hot_work,,l2_domain,1
L2-0107,Incident: Employee reported dizziness while working on a drum at height. He was using a full body harness connected to a lifeline. Rescue plan was executed and he was brought down. Medical check normal. Heat stress suspected. [variant 10],,Jorhat Bypass Road,height,,l2_domain,1
L2-0108,Alert: LOTO not applied on a pump whose seal was being replaced. Pump was remotely started from control room; rotating shaft caught the mechanic's sleeve. Minor injury; could have been amputation or fatality. [variant 10],,Naharkatiya,energy_isolation,,l2_domain,1
L2-0109,Safety Message: Night driving on lease road — vehicle hit a stray cattle. Airbag deployed; driver sustained bruised chest and was taken to hospital for observation. Route risk assessment and speed limits to be enforced. [variant 10],,Digboi,driving,,l2_domain,1
L2-0110,"Bulletin: Hot tapping on a live tank without proper energy isolation and without a pre-job safety meeting. Sparks landed on oily rags nearby causing small fire, extinguished by crew. Potential for major loss of containment. [variant 10]",,Moran,energy_isolation,,l2_domain,1
L2-0111,"Safety Alert: During repair of a pipeline at the gas plant, maintenance crew opened a flange without confirming zero energy status. Residual pressure blew the gasket; a fitter was standing directly in front of the flange gap. No injury occurred but the event had fatality potential. Ensure isolation and bleeding of lines before line break. [variant 11]",,Naharkatiya,line_break,,l2_domain,1
L2-0112,Safety Alert: Contractor assigned for internal inspection of crude storage tank entered without standby man and without continuous gas monitoring. H2S reading later found elevated. Worker came out on own. Confined space entry procedure not followed. [variant 11],,Guwahati Depot,confined_space,,l2_domain,1
L2-0113,Near Miss Report: A scaffold plank failed under a workman at height of 9 m at compressor station. Plank had hairline crack and was not tagged. Fall arrest harness was worn with lanyard not attached to anchor point. Serious injury potential. [variant 11],,Moran,height,,l2_domain,1
L2-0114,"Safety Bulletin: Vehicle incident on lease road during fog. Driver did not sound horn at blind curve and collided with tempo carrying passengers. Injuries to two persons, both hospitalized and treated. Defensive driving and speed control on internal roads to be reinforced. [variant 11]",,Digboi,line_break,,l2_domain,1
L2-0115,Alert: Crane lift of exchanger shell at turnaround site — the tag line was not used and the load swung in wind. Rigger moved to guide the load with hands while it was airborne. Dropped object and struck-by potential. Stop-work issued. [variant 11],,Guwahati Depot,lifting,,l2_domain,1
L2-0116,"Safety Communication: A welder performing hot work on a vessel that previously contained condensate. Fire watch was posted but gas test was done 4 hours before the work and permit conditions were not revalidated. Flash occurred at the nozzle, no injuries. [variant 11]",,Moran,hot_work,,l2_domain,1
L2-0117,Incident: Employee reported dizziness while working on a drum at height. He was using a full body harness connected to a lifeline. Rescue plan was executed and he was brought down. Medical check normal. Heat stress suspected. [variant 11],,Duliajan,height,,l2_domain,1
L2-0118,Alert: LOTO not applied on a pump whose seal was being replaced. Pump was remotely started from control room; rotating shaft caught the mechanic's sleeve. Minor injury; could have been amputation or fatality. [variant 11],,Moran,energy_isolation,,l2_domain,1
L2-0119,Safety Message: Night driving on lease road — vehicle hit a stray cattle. Airbag deployed; driver sustained bruised chest and was taken to hospital for observation. Route risk assessment and speed limits to be enforced. [variant 11],,Rangia,driving,,l2_domain,1
L2-0120,"Bulletin: Hot tapping on a live tank without proper energy isolation and without a pre-job safety meeting. Sparks landed on oily rags nearby causing small fire, extinguished by crew. Potential for major loss of containment. [variant 11]",,Lumding Terminal,energy_isolation,,l2_domain,1
L2-0121,"Safety Alert: During repair of a pipeline at the gas plant, maintenance crew opened a flange without confirming zero energy status. Residual pressure blew the gasket; a fitter was standing directly in front of the flange gap. No injury occurred but the event had fatality potential. Ensure isolation and bleeding of lines before line break. [variant 12]",,Naharkatiya,line_break,,l2_domain,1
L2-0122,Safety Alert: Contractor assigned for internal inspection of crude storage tank entered without standby man and without continuous gas monitoring. H2S reading later found elevated. Worker came out on own. Confined space entry procedure not followed. [variant 12],,Guwahati Depot,confined_space,,l2_domain,1
L2-0123,Near Miss Report: A scaffold plank failed under a workman at height of 9 m at compressor station. Plank had hairline crack and was not tagged. Fall arrest harness was worn with lanyard not attached to anchor point. Serious injury potential. [variant 12],,Guwahati Depot,height,,l2_domain,1
L2-0124,"Safety Bulletin: Vehicle incident on lease road during fog. Driver did not sound horn at blind curve and collided with tempo carrying passengers. Injuries to two persons, both hospitalized and treated. Defensive driving and speed control on internal roads to be reinforced. [variant 12]",,Lumding Terminal,line_break,,l2_domain,1
L2-0125,Alert: Crane lift of exchanger shell at turnaround site — the tag line was not used and the load swung in wind. Rigger moved to guide the load with hands while it was airborne. Dropped object and struck-by potential. Stop-work issued. [variant 12],,Digboi,lifting,,l2_domain,1
L2-0126,"Safety Communication: A welder performing hot work on a vessel that previously contained condensate. Fire watch was posted but gas test was done 4 hours before the work and permit conditions were not revalidated. Flash occurred at the nozzle, no injuries. [variant 12]",,Moran,hot_work,,l2_domain,1
L2-0127,Incident: Employee reported dizziness while working on a drum at height. He was using a full body harness connected to a lifeline. Rescue plan was executed and he was brought down. Medical check normal. Heat stress suspected. [variant 12],,Rangia,height,,l2_domain,1
L2-0128,Alert: LOTO not applied on a pump whose seal was being replaced. Pump was remotely started from control room; rotating shaft caught the mechanic's sleeve. Minor injury; could have been amputation or fatality. [variant 12],,Digboi,energy_isolation,,l2_domain,1
L2-0129,Safety Message: Night driving on lease road — vehicle hit a stray cattle. Airbag deployed; driver sustained bruised chest and was taken to hospital for observation. Route risk assessment and speed limits to be enforced. [variant 12],,Duliajan,driving,,l2_domain,1
L2-0130,"Bulletin: Hot tapping on a live tank without proper energy isolation and without a pre-job safety meeting. Sparks landed on oily rags nearby causing small fire, extinguished by crew. Potential for major loss of containment. [variant 12]",,Lumding Terminal,energy_isolation,,l2_domain,1
L2-0131,"Safety Alert: During repair of a pipeline at the gas plant, maintenance crew opened a flange without confirming zero energy status. Residual pressure blew the gasket; a fitter was standing directly in front of the flange gap. No injury occurred but the event had fatality potential. Ensure isolation and bleeding of lines before line break. [variant 13]",,Rangia,line_break,,l2_domain,1
L2-0132,Safety Alert: Contractor assigned for internal inspection of crude storage tank entered without standby man and without continuous gas monitoring. H2S reading later found elevated. Worker came out on own. Confined space entry procedure not followed. [variant 13],,Jorhat Bypass Road,confined_space,,l2_domain,1
L2-0133,Near Miss Report: A scaffold plank failed under a workman at height of 9 m at compressor station. Plank had hairline crack and was not tagged. Fall arrest harness was worn with lanyard not attached to anchor point. Serious injury potential. [variant 13],,Rangia,height,,l2_domain,1
L2-0134,"Safety Bulletin: Vehicle incident on lease road during fog. Driver did not sound horn at blind curve and collided with tempo carrying passengers. Injuries to two persons, both hospitalized and treated. Defensive driving and speed control on internal roads to be reinforced. [variant 13]",,Duliajan,line_break,,l2_domain,1
L2-0135,Alert: Crane lift of exchanger shell at turnaround site — the tag line was not used and the load swung in wind. Rigger moved to guide the load with hands while it was airborne. Dropped object and struck-by potential. Stop-work issued. [variant 13],,Rangia,lifting,,l2_domain,1
L2-0136,"Safety Communication: A welder performing hot work on a vessel that previously contained condensate. Fire watch was posted but gas test was done 4 hours before the work and permit conditions were not revalidated. Flash occurred at the nozzle, no injuries. [variant 13]",,Jorhat Bypass Road,hot_work,,l2_domain,1
L2-0137,Incident: Employee reported dizziness while working on a drum at height. He was using a full body harness connected to a lifeline. Rescue plan was executed and he was brought down. Medical check normal. Heat stress suspected. [variant 13],,Moran,height,,l2_domain,1
L2-0138,Alert: LOTO not applied on a pump whose seal was being replaced. Pump was remotely started from control room; rotating shaft caught the mechanic's sleeve. Minor injury; could have been amputation or fatality. [variant 13],,Moran,energy_isolation,,l2_domain,1
L2-0139,Safety Message: Night driving on lease road — vehicle hit a stray cattle. Airbag deployed; driver sustained bruised chest and was taken to hospital for observation. Route risk assessment and speed limits to be enforced. [variant 13],,Duliajan,driving,,l2_domain,1
L2-0140,"Bulletin: Hot tapping on a live tank without proper energy isolation and without a pre-job safety meeting. Sparks landed on oily rags nearby causing small fire, extinguished by crew. Potential for major loss of containment. [variant 13]",,Jorhat Bypass Road,energy_isolation,,l2_domain,1
L2-0141,"Safety Alert: During repair of a pipeline at the gas plant, maintenance crew opened a flange without confirming zero energy status. Residual pressure blew the gasket; a fitter was standing directly in front of the flange gap. No injury occurred but the event had fatality potential. Ensure isolation and bleeding of lines before line break. [variant 14]",,Naharkatiya,line_break,,l2_domain,1
L2-0142,Safety Alert: Contractor assigned for internal inspection of crude storage tank entered without standby man and without continuous gas monitoring. H2S reading later found elevated. Worker came out on own. Confined space entry procedure not followed. [variant 14],,Moran,confined_space,,l2_domain,1
L2-0143,Near Miss Report: A scaffold plank failed under a workman at height of 9 m at compressor station. Plank had hairline crack and was not tagged. Fall arrest harness was worn with lanyard not attached to anchor point. Serious injury potential. [variant 14],,Guwahati Depot,height,,l2_domain,1
L2-0144,"Safety Bulletin: Vehicle incident on lease road during fog. Driver did not sound horn at blind curve and collided with tempo carrying passengers. Injuries to two persons, both hospitalized and treated. Defensive driving and speed control on internal roads to be reinforced. [variant 14]",,Jorhat Bypass Road,line_break,,l2_domain,1
L2-0145,Alert: Crane lift of exchanger shell at turnaround site — the tag line was not used and the load swung in wind. Rigger moved to guide the load with hands while it was airborne. Dropped object and struck-by potential. Stop-work issued. [variant 14],,Jorhat Bypass Road,lifting,,l2_domain,1
L2-0146,"Safety Communication: A welder performing hot work on a vessel that previously contained condensate. Fire watch was posted but gas test was done 4 hours before the work and permit conditions were not revalidated. Flash occurred at the nozzle, no injuries. [variant 14]",,Naharkatiya,hot_work,,l2_domain,1
L2-0147,Incident: Employee reported dizziness while working on a drum at height. He was using a full body harness connected to a lifeline. Rescue plan was executed and he was brought down. Medical check normal. Heat stress suspected. [variant 14],,Duliajan,height,,l2_domain,1
L2-0148,Alert: LOTO not applied on a pump whose seal was being replaced. Pump was remotely started from control room; rotating shaft caught the mechanic's sleeve. Minor injury; could have been amputation or fatality. [variant 14],,Duliajan,energy_isolation,,l2_domain,1
L2-0149,Safety Message: Night driving on lease road — vehicle hit a stray cattle. Airbag deployed; driver sustained bruised chest and was taken to hospital for observation. Route risk assessment and speed limits to be enforced. [variant 14],,Digboi,driving,,l2_domain,1
L2-0150,"Bulletin: Hot tapping on a live tank without proper energy isolation and without a pre-job safety meeting. Sparks landed on oily rags nearby causing small fire, extinguished by crew. Potential for major loss of containment. [variant 14]",,Lumding Terminal,energy_isolation,,l2_domain,1
L2-0151,"Safety Alert: During repair of a pipeline at the gas plant, maintenance crew opened a flange without confirming zero energy status. Residual pressure blew the gasket; a fitter was standing directly in front of the flange gap. No injury occurred but the event had fatality potential. Ensure isolation and bleeding of lines before line break. [variant 15]",,Guwahati Depot,line_break,,l2_domain,1
L2-0152,Safety Alert: Contractor assigned for internal inspection of crude storage tank entered without standby man and without continuous gas monitoring. H2S reading later found elevated. Worker came out on own. Confined space entry procedure not followed. [variant 15],,Rangia,confined_space,,l2_domain,1
L2-0153,Near Miss Report: A scaffold plank failed under a workman at height of 9 m at compressor station. Plank had hairline crack and was not tagged. Fall arrest harness was worn with lanyard not attached to anchor point. Serious injury potential. [variant 15],,Rangia,height,,l2_domain,1
L2-0154,"Safety Bulletin: Vehicle incident on lease road during fog. Driver did not sound horn at blind curve and collided with tempo carrying passengers. Injuries to two persons, both hospitalized and treated. Defensive driving and speed control on internal roads to be reinforced. [variant 15]",,Moran,line_break,,l2_domain,1
L2-0155,Alert: Crane lift of exchanger shell at turnaround site — the tag line was not used and the load swung in wind. Rigger moved to guide the load with hands while it was airborne. Dropped object and struck-by potential. Stop-work issued. [variant 15],,Naharkatiya,lifting,,l2_domain,1
L2-0156,"Safety Communication: A welder performing hot work on a vessel that previously contained condensate. Fire watch was posted but gas test was done 4 hours before the work and permit conditions were not revalidated. Flash occurred at the nozzle, no injuries. [variant 15]",,Duliajan,hot_work,,l2_domain,1
L2-0157,Incident: Employee reported dizziness while working on a drum at height. He was using a full body harness connected to a lifeline. Rescue plan was executed and he was brought down. Medical check normal. Heat stress suspected. [variant 15],,Moran,height,,l2_domain,1
L2-0158,Alert: LOTO not applied on a pump whose seal was being replaced. Pump was remotely started from control room; rotating shaft caught the mechanic's sleeve. Minor injury; could have been amputation or fatality. [variant 15],,Guwahati Depot,energy_isolation,,l2_domain,1
L2-0159,Safety Message: Night driving on lease road — vehicle hit a stray cattle. Airbag deployed; driver sustained bruised chest and was taken to hospital for observation. Route risk assessment and speed limits to be enforced. [variant 15],,Moran,driving,,l2_domain,1
L2-0160,"Bulletin: Hot tapping on a live tank without proper energy isolation and without a pre-job safety meeting. Sparks landed on oily rags nearby causing small fire, extinguished by crew. Potential for major loss of containment. [variant 15]",,Rangia,energy_isolation,,l2_domain,1
L2-0161,"Safety Alert: During repair of a pipeline at the gas plant, maintenance crew opened a flange without confirming zero energy status. Residual pressure blew the gasket; a fitter was standing directly in front of the flange gap. No injury occurred but the event had fatality potential. Ensure isolation and bleeding of lines before line break. [variant 16]",,Jorhat Bypass Road,line_break,,l2_domain,1
L2-0162,Safety Alert: Contractor assigned for internal inspection of crude storage tank entered without standby man and without continuous gas monitoring. H2S reading later found elevated. Worker came out on own. Confined space entry procedure not followed. [variant 16],,Jorhat Bypass Road,confined_space,,l2_domain,1
L2-0163,Near Miss Report: A scaffold plank failed under a workman at height of 9 m at compressor station. Plank had hairline crack and was not tagged. Fall arrest harness was worn with lanyard not attached to anchor point. Serious injury potential. [variant 16],,Moran,height,,l2_domain,1
L2-0164,"Safety Bulletin: Vehicle incident on lease road during fog. Driver did not sound horn at blind curve and collided with tempo carrying passengers. Injuries to two persons, both hospitalized and treated. Defensive driving and speed control on internal roads to be reinforced. [variant 16]",,Duliajan,line_break,,l2_domain,1
L2-0165,Alert: Crane lift of exchanger shell at turnaround site — the tag line was not used and the load swung in wind. Rigger moved to guide the load with hands while it was airborne. Dropped object and struck-by potential. Stop-work issued. [variant 16],,Moran,lifting,,l2_domain,1
L2-0166,"Safety Communication: A welder performing hot work on a vessel that previously contained condensate. Fire watch was posted but gas test was done 4 hours before the work and permit conditions were not revalidated. Flash occurred at the nozzle, no injuries. [variant 16]",,Digboi,hot_work,,l2_domain,1
L2-0167,Incident: Employee reported dizziness while working on a drum at height. He was using a full body harness connected to a lifeline. Rescue plan was executed and he was brought down. Medical check normal. Heat stress suspected. [variant 16],,Jorhat Bypass Road,height,,l2_domain,1
L2-0168,Alert: LOTO not applied on a pump whose seal was being replaced. Pump was remotely started from control room; rotating shaft caught the mechanic's sleeve. Minor injury; could have been amputation or fatality. [variant 16],,Naharkatiya,energy_isolation,,l2_domain,1
L2-0169,Safety Message: Night driving on lease road — vehicle hit a stray cattle. Airbag deployed; driver sustained bruised chest and was taken to hospital for observation. Route risk assessment and speed limits to be enforced. [variant 16],,Digboi,driving,,l2_domain,1
L2-0170,"Bulletin: Hot tapping on a live tank without proper energy isolation and without a pre-job safety meeting. Sparks landed on oily rags nearby causing small fire, extinguished by crew. Potential for major loss of containment. [variant 16]",,Moran,energy_isolation,,l2_domain,1
L2-0171,"Safety Alert: During repair of a pipeline at the gas plant, maintenance crew opened a flange without confirming zero energy status. Residual pressure blew the gasket; a fitter was standing directly in front of the flange gap. No injury occurred but the event had fatality potential. Ensure isolation and bleeding of lines before line break. [variant 17]",,Digboi,line_break,,l2_domain,1
L2-0172,Safety Alert: Contractor assigned for internal inspection of crude storage tank entered without standby man and without continuous gas monitoring. H2S reading later found elevated. Worker came out on own. Confined space entry procedure not followed. [variant 17],,Moran,confined_space,,l2_domain,1
L2-0173,Near Miss Report: A scaffold plank failed under a workman at height of 9 m at compressor station. Plank had hairline crack and was not tagged. Fall arrest harness was worn with lanyard not attached to anchor point. Serious injury potential. [variant 17],,Guwahati Depot,height,,l2_domain,1
L2-0174,"Safety Bulletin: Vehicle incident on lease road during fog. Driver did not sound horn at blind curve and collided with tempo carrying passengers. Injuries to two persons, both hospitalized and treated. Defensive driving and speed control on internal roads to be reinforced. [variant 17]",,Duliajan,line_break,,l2_domain,1
L2-0175,Alert: Crane lift of exchanger shell at turnaround site — the tag line was not used and the load swung in wind. Rigger moved to guide the load with hands while it was airborne. Dropped object and struck-by potential. Stop-work issued. [variant 17],,Naharkatiya,lifting,,l2_domain,1
L2-0176,"Safety Communication: A welder performing hot work on a vessel that previously contained condensate. Fire watch was posted but gas test was done 4 hours before the work and permit conditions were not revalidated. Flash occurred at the nozzle, no injuries. [variant 17]",,Lumding Terminal,hot_work,,l2_domain,1
L2-0177,Incident: Employee reported dizziness while working on a drum at height. He was using a full body harness connected to a lifeline. Rescue plan was executed and he was brought down. Medical check normal. Heat stress suspected. [variant 17],,Naharkatiya,height,,l2_domain,1
L2-0178,Alert: LOTO not applied on a pump whose seal was being replaced. Pump was remotely started from control room; rotating shaft caught the mechanic's sleeve. Minor injury; could have been amputation or fatality. [variant 17],,Duliajan,energy_isolation,,l2_domain,1
L2-0179,Safety Message: Night driving on lease road — vehicle hit a stray cattle. Airbag deployed; driver sustained bruised chest and was taken to hospital for observation. Route risk assessment and speed limits to be enforced. [variant 17],,Digboi,driving,,l2_domain,1
L2-0180,"Bulletin: Hot tapping on a live tank without proper energy isolation and without a pre-job safety meeting. Sparks landed on oily rags nearby causing small fire, extinguished by crew. Potential for major loss of containment. [variant 17]",,Moran,energy_isolation,,l2_domain,1
L2-0181,"Safety Alert: During repair of a pipeline at the gas plant, maintenance crew opened a flange without confirming zero energy status. Residual pressure blew the gasket; a fitter was standing directly in front of the flange gap. No injury occurred but the event had fatality potential. Ensure isolation and bleeding of lines before line break. [variant 18]",,Guwahati Depot,line_break,,l2_domain,1
L2-0182,Safety Alert: Contractor assigned for internal inspection of crude storage tank entered without standby man and without continuous gas monitoring. H2S reading later found elevated. Worker came out on own. Confined space entry procedure not followed. [variant 18],,Jorhat Bypass Road,confined_space,,l2_domain,1
L2-0183,Near Miss Report: A scaffold plank failed under a workman at height of 9 m at compressor station. Plank had hairline crack and was not tagged. Fall arrest harness was worn with lanyard not attached to anchor point. Serious injury potential. [variant 18],,Naharkatiya,height,,l2_domain,1
L2-0184,"Safety Bulletin: Vehicle incident on lease road during fog. Driver did not sound horn at blind curve and collided with tempo carrying passengers. Injuries to two persons, both hospitalized and treated. Defensive driving and speed control on internal roads to be reinforced. [variant 18]",,Digboi,line_break,,l2_domain,1
L2-0185,Alert: Crane lift of exchanger shell at turnaround site — the tag line was not used and the load swung in wind. Rigger moved to guide the load with hands while it was airborne. Dropped object and struck-by potential. Stop-work issued. [variant 18],,Jorhat Bypass Road,lifting,,l2_domain,1
L2-0186,"Safety Communication: A welder performing hot work on a vessel that previously contained condensate. Fire watch was posted but gas test was done 4 hours before the work and permit conditions were not revalidated. Flash occurred at the nozzle, no injuries. [variant 18]",,Digboi,hot_work,,l2_domain,1
L2-0187,Incident: Employee reported dizziness while working on a drum at height. He was using a full body harness connected to a lifeline. Rescue plan was executed and he was brought down. Medical check normal. Heat stress suspected. [variant 18],,Guwahati Depot,height,,l2_domain,1
L2-0188,Alert: LOTO not applied on a pump whose seal was being replaced. Pump was remotely started from control room; rotating shaft caught the mechanic's sleeve. Minor injury; could have been amputation or fatality. [variant 18],,Naharkatiya,energy_isolation,,l2_domain,1
L2-0189,Safety Message: Night driving on lease road — vehicle hit a stray cattle. Airbag deployed; driver sustained bruised chest and was taken to hospital for observation. Route risk assessment and speed limits to be enforced. [variant 18],,Moran,driving,,l2_domain,1
L2-0190,"Bulletin: Hot tapping on a live tank without proper energy isolation and without a pre-job safety meeting. Sparks landed on oily rags nearby causing small fire, extinguished by crew. Potential for major loss of containment. [variant 18]",,Rangia,energy_isolation,,l2_domain,1
L2-0191,"Safety Alert: During repair of a pipeline at the gas plant, maintenance crew opened a flange without confirming zero energy status. Residual pressure blew the gasket; a fitter was standing directly in front of the flange gap. No injury occurred but the event had fatality potential. Ensure isolation and bleeding of lines before line break. [variant 19]",,Moran,line_break,,l2_domain,1
L2-0192,Safety Alert: Contractor assigned for internal inspection of crude storage tank entered without standby man and without continuous gas monitoring. H2S reading later found elevated. Worker came out on own. Confined space entry procedure not followed. [variant 19],,Duliajan,confined_space,,l2_domain,1
L2-0193,Near Miss Report: A scaffold plank failed under a workman at height of 9 m at compressor station. Plank had hairline crack and was not tagged. Fall arrest harness was worn with lanyard not attached to anchor point. Serious injury potential. [variant 19],,Lumding Terminal,height,,l2_domain,1
L2-0194,"Safety Bulletin: Vehicle incident on lease road during fog. Driver did not sound horn at blind curve and collided with tempo carrying passengers. Injuries to two persons, both hospitalized and treated. Defensive driving and speed control on internal roads to be reinforced. [variant 19]",,Guwahati Depot,line_break,,l2_domain,1
L2-0195,Alert: Crane lift of exchanger shell at turnaround site — the tag line was not used and the load swung in wind. Rigger moved to guide the load with hands while it was airborne. Dropped object and struck-by potential. Stop-work issued. [variant 19],,Duliajan,lifting,,l2_domain,1
L2-0196,"Safety Communication: A welder performing hot work on a vessel that previously contained condensate. Fire watch was posted but gas test was done 4 hours before the work and permit conditions were not revalidated. Flash occurred at the nozzle, no injuries. [variant 19]",,Jorhat Bypass Road,hot_work,,l2_domain,1
L2-0197,Incident: Employee reported dizziness while working on a drum at height. He was using a full body harness connected to a lifeline. Rescue plan was executed and he was brought down. Medical check normal. Heat stress suspected. [variant 19],,Digboi,height,,l2_domain,1
L2-0198,Alert: LOTO not applied on a pump whose seal was being replaced. Pump was remotely started from control room; rotating shaft caught the mechanic's sleeve. Minor injury; could have been amputation or fatality. [variant 19],,Guwahati Depot,energy_isolation,,l2_domain,1
L2-0199,Safety Message: Night driving on lease road — vehicle hit a stray cattle. Airbag deployed; driver sustained bruised chest and was taken to hospital for observation. Route risk assessment and speed limits to be enforced. [variant 19],,Rangia,driving,,l2_domain,1
L2-0200,"Bulletin: Hot tapping on a live tank without proper energy isolation and without a pre-job safety meeting. Sparks landed on oily rags nearby causing small fire, extinguished by crew. Potential for major loss of containment. [variant 19]",,Jorhat Bypass Road,energy_isolation,,l2_domain,1
