id,text,tier,site,activity,scenario,occurred_at,source_layer,is_synthetic,in_holdout
L3-0320,"Jeep driver at Digboi main gate reversing without spotter, hit the ankle of a security guard who was directing traffic. Guard injured ankle badly, transported to hospital. Driver was a permanent employee, visibility was low due to smoke from nearby generator.",recordable,Digboi,LOTO/Energy Isolation,energy_isolation,2026-06-03,l3_synthetic,1,1
L3-0209,Hand got caught in flange gap while inserting new gasket on high pressure line. Bruising and abrasion sustained. Did not require hospitalization but medical certificate issued. Work stopped after incident for safety briefing.,recordable,Digboi,Lifting/Suspended Load,dropped_object,2025-11-03,l3_synthetic,1,1
L3-0019,"Thermal cutting at Duliajan, debris flew out of containment. Hit leg of nearby worker. Abrasion and bruising, no fracture but required tetanus booster and dressing.",recordable,Duliajan,Hot Work,hot_work,2026-07-11,l3_synthetic,1,1
L3-0250,Residual pressure in small bore line released abrasive particles upon opening. Worker suffered corneal scratch in one eye. Treated with eye drops and monitored.,recordable,Digboi,Working at Height,height,2025-04-23,l3_synthetic,1,0
L3-0129,Operator missed critical alarm response due to drowsiness. Later found to be under influence of over-the-counter cold medicine mixed with alcohol. Experienced mild hypotensive episode treated at site health desk. Immediate removal from critical role and notification to HSSE coordinator. Recordable injury due to medical treatment for vitals stabilization.,recordable,Duliajan,Controlled Substances,substance,2026-07-12,l3_synthetic,1,1
L3-0001,"Contractor crane operator at Digboi lifted a defective hydraulic valve with wire rope under tension, PTW expired, no spotter. Worker trapped hand in sheave, laceration required 12 stitches, sent to hospital.",recordable,Digboi,Lifting/Suspended Load,dropped_object,2025-09-17,l3_synthetic,1,0
L3-0114,"Sling cut by sharp edge of valve flange at Moran, load shifted and pinned a fitter's hand against the block for 15 seconds before released; diagnosed with crushed fingers and swelling.",recordable,Moran,Rigging/Lifting,lifting,2026-05-22,l3_synthetic,1,0
L3-0319,"Small utility vehicle at Duliajan reversing into laydown area, struck a stack of pipe sections. One pipe rolled off, hitting maintenance worker in the calf. Worker required medical treatment for laceration and abrasions. Worker was not wearing safety boots compliant with ISO standards.",recordable,Duliajan,LOTO/Energy Isolation,energy_isolation,2026-08-14,l3_synthetic,1,0
L3-0069,"Lost flange bolts on 8"" gas line led to separation of ends. Gas cloud formed rapidly around digging trench. Worker in trench had no egress under gas overpressure. Potential for explosion and burial. Gas detector alarm faulty.",psif,Duliajan,Lifting/Suspended Load,dropped_object,2025-11-26,l3_synthetic,1,0
L3-0283,"Contractor crew installing cable tray at Naharkatiya. Anchor bolt sheared off during tensioning, 15kg bracket fell from 12m. Missed lead man by 1 meter, struck hard hat on ground. Witness saw bolt spinning down. No injury but high-energy object release near personnel.",psif,Naharkatiya,Permit to Work,ptw_violation,2026-03-25,l3_synthetic,1,1
L3-0181,"Contractor found climbing 8m ladder without harness at Duliajan pump station. Scaffolding plank suddenly slipped from hands dropping tools below. Rescue team stopped work immediately, PTW cancelled. No falls recorded but high energy drop event.",psif,Duliajan,Working at Height,height,2025-07-16,l3_synthetic,1,1
L3-0102,"Expired PTW for hot work found on Digboi plant 3, guard stopped welder before arc struck, sulfur smell detected nearby.",near_miss,Digboi,Permit to Work,ptw_violation,2026-04-06,l3_synthetic,1,0
L3-0193,"Vessel door at Duliajan unit left ajar during shift change, intern tried to enter for cleaning, stopped by supervisor who noted lack of LOTO verification. Potential for energy release existed.",near_miss,Duliajan,Vessel/Tank Entry,confined_space,2025-04-26,l3_synthetic,1,1
L3-0166,"During maintenance at Guwahati Depot, ventilation fan failed while two employees were inside the tank. Emergency exit used within 30 seconds. No respiratory distress reported but alarm triggered.",near_miss,Guwahati Depot,Vessel/Tank Entry,confined_space,2026-01-23,l3_synthetic,1,1
L3-0337,"Jorhat Bypass Road: Truck crane operator failed to use tag line on tank assembly, load snagged on tree branch, no collision, near miss.",near_miss,Jorhat Bypass Road,Rigging/Lifting,lifting,2026-07-13,l3_synthetic,1,0
L3-0465,"Lumding Terminal truck bay loading arm uncoupling. Seal ring ejected, fuel splash on apron but not on personnel. Driver remained inside cab, HSE officer verified zero contact. Near miss recorded",near_miss,Lumding Terminal,Line Break,line_break,2025-08-15,l3_synthetic,1,0
L3-0477,"Ladder jackier slipped from anchor point while extending basket, harness caught the fall but impact was zero. Anchor point loose, site stopped. TBT training gap identified.",near_miss,Rangia,Lifting/Suspended Load,dropped_object,2025-06-14,l3_synthetic,1,0
L3-0536,"Overhead cable interference during boom rotation, lift paused, re-rigged with clearance check.",near_miss,Guwahati Depot,Lifting/Suspended Load,dropped_object,2026-03-26,l3_synthetic,1,1
L3-0047,"Rangia compressor pack-out revealed unisolated instrument air line. Whistle noise startled team. No injury, LOTO tag missing, corrective action initiated.",near_miss,Rangia,LOTO/Energy Isolation,energy_isolation,2025-08-10,l3_synthetic,1,0
L3-0393,"Fire during oxy-fuel cutting of pipe spur at Naharkatiya well pad, wind shift blew flame towards adjacent skid, PPE protected worker but handguard shattered, severe laceration to thumb requiring hospital admission, hand function compromised.",asif,Naharkatiya,Hot Work,hot_work,2025-07-14,l3_synthetic,1,0
L3-0347,"Contractor scaffold missing toe boards, worker stepped on loose plank, slid off edge, injured foot and lower back from impact.",recordable,Rangia,Working at Height,height,2025-11-24,l3_synthetic,1,0
L3-0251,"Grinding sparks ignited flash vapour at Digboi tank farm, worker on night shift got 2nd degree burns on forearms treated at local clinic. Gas detector alarm triggered late due to faulty sensor calibration.",recordable,Digboi,Hot Work,hot_work,2025-05-10,l3_synthetic,1,0
L3-0245,PTW issued without verifying zero energy state on pump. Mechanical seal blowout sprayed hot lube oil on technician. Heat burn treatment at site medical center.,recordable,Lumding Terminal,LOTO/Energy Isolation,energy_isolation,2025-12-08,l3_synthetic,1,1
L3-0087,"Vehicle parked on shoulder with hazard lights off, pickup reversing, impact on leg, mid-shin fracture, splinted at site.",recordable,Jorhat Bypass Road,Vehicle Movement,driving,2025-05-10,l3_synthetic,1,1
L3-0304,"Forged LOTO tag discovered during audit. Worker was unscrewing valve when noticed. Small abrasion on finger from tool, cleaned and bandaged.",recordable,Moran,Permit to Work,ptw_violation,2026-03-09,l3_synthetic,1,0
L3-0150,"During lifting/suspended load at Digboi, a worker slipped and injured his wrist. Hospital check found no fracture; treated and released with medication.",recordable,Digboi,Lifting/Suspended Load,dropped_object,2026-01-11,l3_synthetic,1,1
L3-0415,"Valve packed with wax, lever broken off during isolation. Contractor struck on head by falling lever, minor scalp abrasion, stitched at site.",recordable,Lumding Terminal,Line Break,line_break,2025-04-07,l3_synthetic,1,0
L3-0149,"During lifting/suspended load at Digboi, a worker slipped and injured his wrist. Hospital check found no fracture; treated and released with medication.",recordable,Digboi,Lifting/Suspended Load,dropped_object,2026-06-03,l3_synthetic,1,1
L3-0002,"During scaffold erection at Lumding Terminal, a 3m steel tube slipped from 4th level while being passed. Worker standing below ducked, tube struck shoulder, soft tissue injury treated with ice and painkillers on site.",recordable,Lumding Terminal,Lifting/Suspended Load,dropped_object,2026-03-10,l3_synthetic,1,1
L3-0083,"Fatigued operator speeding on curved section, skid hit barrier, mild shoulder dislocation, referred to Guwahati hospital.",recordable,Naharkatiya,Vehicle Movement,driving,2025-09-05,l3_synthetic,1,1
L3-0018,"Brazing coupling on Jorhat Bypass Road pipeline. Contractor used wrong filler rod, joint failed. Hot metal splatter burned hand. Blisters formed, antiseptic dressing and antibiotics prescribed.",recordable,Jorhat Bypass Road,Hot Work,hot_work,2025-12-23,l3_synthetic,1,1
L3-0329,"Worker suffered thermal burn on face from leaking steam trap near tank entry point, skin blistered and treated with burn cream, required follow-up at specialist clinic.",recordable,Digboi,Line Break,line_break,2026-01-05,l3_synthetic,1,0
L3-0452,"Shackle pin ejected under high tension while hoisting pump section, pin struck shoulder of spotter, minor abrasion only but energy release sufficient for amputation if hand had been in path.",psif,Digboi,Rigging/Lifting,lifting,2025-05-11,l3_synthetic,1,0
L3-0390,"Cracked flange gasket under 200bar hydrostatic test pressure. Sudden leak created sonic boom and water hammer force. Worker in arc of projection, no injury but potential for eardrum rupture or blast trauma was real.",psif,Digboi,Working at Height,height,2026-04-24,l3_synthetic,1,1
L3-0186,"Ladder moved while employee ascending at Guwahati Depot. Slip at 1.5m, worker grasped railing too late. Hip impact with concrete wall. No fracture, bruising treated on site. Guardrail non-functional, LOTO bypassed.",psif,Guwahati Depot,Controlled Substances,substance,2026-02-12,l3_synthetic,1,1
L3-0190,"Ladder foot lifted by forklift at Digboi storage unit. Worker at 3m lost balance, fell backwards. Hit steel beam on lower back. No fracture, severe pain. Forklift operator not briefed. Major near miss.",psif,Digboi,Controlled Substances,substance,2026-07-26,l3_synthetic,1,0
L3-0457,"Load shifted during travel on uneven terrain, spool line dropped onto walking rigging crew, three workers jumped clear, one caught boot tip, potential severe crush injury averted.",psif,Rangia,Vehicle Movement,driving,2026-08-24,l3_synthetic,1,0
L3-0408,"Hot work permit expired while arc welding continued. Contractor unaware of time lapse. Supervisor noticed and halted job. No injury, but violation of PTW procedure noted.",near_miss,Jorhat Bypass Road,Vessel/Tank Entry,confined_space,2025-06-23,l3_synthetic,1,1
L3-0462,"Contractor team removing spade from 2-inch line near Digboi pump array. Gasket failure on re-assembly, minor hydrocarbon mist released. Bystander stepped back, no contact with fluid. Day shift clear sky",near_miss,Digboi,Line Break,line_break,2025-06-01,l3_synthetic,1,0
L3-0521,"Welder near storage tank line, spark noticed popping from tank shell before PTW cancelled immediately, no fire started.",near_miss,Digboi,Hot Work,hot_work,2025-10-02,l3_synthetic,1,0
L3-0041,"Contractor found unisolated line with residual pressure during maintenance at Duliajan. Valve was closed but PTW did not specify LOTO. No injury reported, line purged immediately.",near_miss,Duliajan,LOTO/Energy Isolation,energy_isolation,2026-04-29,l3_synthetic,1,1
L3-0176,"Overnight security at Guwahati Depot consumed prohibited substance, leading to failure to challenge an unauthorized vehicle approaching storage tanks. Incident discovered at 0600 hrs when vehicle was already in restricted zone. No collision or intrusion, but clear breach of perimeter defense posed serious threat.",near_miss,Guwahati Depot,Controlled Substances,substance,2026-09-20,l3_synthetic,1,0
L3-0528,"Welding scaffold near flare line, hot slag fell onto rain-soaked ground causing steam burst, workers evacuated safely.",near_miss,Duliajan,Hot Work,hot_work,2025-07-19,l3_synthetic,1,0
L3-0407,Grinding near diesel tank dike produced continuous sparks. Nearby flammable liquid spill not cleaned up. Fire watch noticed glowing char on rag but no flame propagation. Risk assessed as high potential.,near_miss,Rangia,Vessel/Tank Entry,confined_space,2025-07-13,l3_synthetic,1,0
L3-0437,"During night shift at Guwahati Depot, flange connection wept during pressure test. H2S alarm went off briefly. Response team arrived, secured area. No one injured, potential event logged as near miss.",near_miss,Guwahati Depot,Line Break,line_break,2025-06-02,l3_synthetic,1,0
L3-0380,"Improper rigging angle caused the sling to slip off the drum, resulting in a free fall of 3 meters onto empty soil; PTW was valid but inspection was rushed.",near_miss,Naharkatiya,Vehicle Movement,driving,2026-01-15,l3_synthetic,1,1
L3-0299,"Duliajan flare stack maintenance, tool dropped from 10 meters, hit platform edge, no one below, near miss for lower crew, tool contained, no injury.",near_miss,Duliajan,Working at Height,height,2025-09-29,l3_synthetic,1,0
L3-0106,"PTW not cancelled after scope change at Guwahati Depot, fuel smell near electrical panel, near miss avoided due to static grounding kit nearby.",near_miss,Guwahati Depot,Permit to Work,ptw_violation,2026-02-18,l3_synthetic,1,0
L3-0045,"Residual H2S detected at Moran wellhead after TBT completion. Isolation flange not properly packed. Alert raised, area evacuated, no exposure recorded.",near_miss,Moran,LOTO/Energy Isolation,energy_isolation,2025-12-27,l3_synthetic,1,1
L3-0538,"Contractor placed loose hand tool on elevated platform edge, swept off by wind, caught by barrier.",near_miss,Jorhat Bypass Road,Lifting/Suspended Load,dropped_object,2025-12-20,l3_synthetic,1,0
L3-0158,Bicycle with two children entered Jorhat Bypass Road near gate 4. Patrol jeep running high speed failed to stop in time. Impact lethal. Both children died at scene. Driver arrested.,asif,Jorhat Bypass Road,Controlled Substances,substance,2025-06-06,l3_synthetic,1,1
L3-0391,"Contractor welding on 6-inch carbon steel line at Duliajan gas plant during afternoon shift, gas detector failed to alarm near open hydrocarbon leak, worker suffered level 3 burn to face and neck, transported casualty to GHSP for treatment.",asif,Duliajan,Hot Work,hot_work,2026-09-17,l3_synthetic,1,0
